product_id,product_name,category,subcategory,cost_price,profit,selling_price
P00001,Kickboard,Sports,Swimming,1495,433.25,1928.25
P00002,Flower Vase,Home,Decor,3944,1262.96,5206.96
P00003,Denim Jacket,Clothing,Jacket,3891,1503.83,5394.83
P00004,Mattress Protector,Home,Bedding,1884,436.56,2320.56
P00005,Eau de Parfum,Beauty,Fragrance,724,291.75,1015.75
P00006,Pillow,Home,Bedding,1675,367.78,2042.78
P00007,Loafers,Clothing,Shoes,2528,526.74,3054.74
P00008,Leather Jacket,Clothing,Jacket,7810,1738.92,9548.92
P00009,AirPods Pro,Electronics,Headphones,12233,3191.87,15424.87
P00010,Eyeliner,Beauty,Makeup,2439,751.29,3190.29
P00011,Kickboard,Sports,Swimming,2653,686.22,3339.22
P00012,Blanket,Home,Bedding,1721,461.94,2182.94
P00013,Mattress Protector,Home,Bedding,5498,1776.89,7274.89
P00014,Football Boots,Sports,Football,2381,803.66,3184.66
P00015,Stumps,Sports,Cricket,7363,2204.95,9567.95
P00016,Foundation,Beauty,Makeup,1063,362.92,1425.92
P00017,Night Cream,Beauty,Skincare,2262,658.96,2920.96
P00018,iPhone 15,Electronics,Smartphone,14027,2424.26,16451.26
P00019,Slim Fit Jeans,Clothing,Jeans,1091,331.59,1422.59
P00020,Microsoft Surface Go,Electronics,Tablet,13561,2085.27,15646.27
P00021,Sony WH-1000XM5,Electronics,Headphones,5104,1085.68,6189.68
P00022,Hair Serum,Beauty,Haircare,2045,623.61,2668.61
P00023,Linen Shirt,Clothing,Shirt,3160,1399.65,4559.65
P00024,Oxford Shirt,Clothing,Shirt,3789,981.34,4770.34
P00025,Casual Shirt,Clothing,Shirt,3439,780.56,4219.56
P00026,Sennheiser HD 450BT,Electronics,Headphones,14383,4877.32,19260.32
P00027,Hand Cream,Beauty,Personal Care,640,157.29,797.29
P00028,Skinny Jeans,Clothing,Jeans,3325,951.42,4276.42
P00029,Amazfit GTR 4,Electronics,Smartwatch,17931,3796.3,21727.3
P00030,V-Neck T-Shirt,Clothing,T-Shirt,1796,473.43,2269.43
P00031,iPhone 15,Electronics,Smartphone,13306,2619.68,15925.68
P00032,Swimming Goggles,Sports,Swimming,1682,338.15,2020.15
P00033,Oxford Shirt,Clothing,Shirt,3796,872.95,4668.95
P00034,Dumbbells,Sports,Gym,4063,1108.09,5171.09
P00035,ASUS VivoBook,Electronics,Laptop,37675,7548.43,45223.43
P00036,Wall Clock,Home,Decor,2136,548.88,2684.88
P00037,iPad Air,Electronics,Tablet,38673,6783.32,45456.32
P00038,Face Wash,Beauty,Skincare,1861,532.66,2393.66
P00039,Shin Guards,Sports,Football,3910,1210.05,5120.05
P00040,Oxford Shirt,Clothing,Shirt,3431,1529.73,4960.73
P00041,Formal Shirt,Clothing,Shirt,1647,538.65,2185.65
P00042,Hair Serum,Beauty,Haircare,2105,533.23,2638.23
P00043,Skinny Jeans,Clothing,Jeans,3611,709.02,4320.02
P00044,Samsung Galaxy S24,Electronics,Smartphone,23111,3345.4,26456.4
P00045,Cricket Bat,Sports,Cricket,6565,2198.87,8763.87
P00046,Photo Frame,Home,Decor,1123,349.3,1472.3
P00047,Cricket Ball,Sports,Cricket,7540,1271.4,8811.4
P00048,Pool Towel,Sports,Swimming,1583,466.93,2049.93
P00049,Google Pixel 9,Electronics,Smartphone,54642,13697.22,68339.22
P00050,Running Shoes,Clothing,Shoes,4991,1762.66,6753.66
P00051,Boat Rockerz 550,Electronics,Headphones,10445,2108.21,12553.21
P00052,iPad Air,Electronics,Tablet,24172,3446.64,27618.64
P00053,Non-Stick Pan,Home,Kitchen,12983,4529.66,17512.66
P00054,Cricket Helmet,Sports,Cricket,7444,1851.91,9295.91
P00055,Dumbbells,Sports,Gym,3404,1050.16,4454.16
P00056,Bootcut Jeans,Clothing,Jeans,1262,418.54,1680.54
P00057,Straight Fit Jeans,Clothing,Jeans,1659,542.34,2201.34
P00058,Kickboard,Sports,Swimming,3987,811.94,4798.94
P00059,OnePlus 13,Electronics,Smartphone,30589,8923.03,39512.03
P00060,Hair Serum,Beauty,Haircare,1918,845.1,2763.1
P00061,Night Cream,Beauty,Skincare,806,395.67,1201.67
P00062,Sennheiser HD 450BT,Electronics,Headphones,2980,709.78,3689.78
P00063,Samsung Galaxy Tab S9,Electronics,Tablet,11816,1881.15,13697.15
P00064,Table Lamp,Home,Decor,4514,1796.62,6310.62
P00065,Table Lamp,Home,Decor,1909,504.95,2413.95
P00066,Google Pixel 9,Electronics,Smartphone,24533,4531.45,29064.45
P00067,Lipstick,Beauty,Makeup,2190,594.02,2784.02
P00068,Body Mist,Beauty,Fragrance,3200,1201.21,4401.21
P00069,Eau de Parfum,Beauty,Fragrance,2809,980.89,3789.89
P00070,Skipping Rope,Sports,Gym,3074,1027.96,4101.96
P00071,Casual Shirt,Clothing,Shirt,1074,478.42,1552.42
P00072,Mixer Grinder,Home,Kitchen,10907,1720.76,12627.76
P00073,Boots,Clothing,Shoes,4124,1026.37,5150.37
P00074,Swimming Fins,Sports,Swimming,1173,243.69,1416.69
P00075,Skipping Rope,Sports,Gym,4664,1837.18,6501.18
P00076,Wall Clock,Home,Decor,619,157.33,776.33
P00077,Football Boots,Sports,Football,1140,240.92,1380.92
P00078,Sennheiser HD 450BT,Electronics,Headphones,3664,859.79,4523.79
P00079,HP Pavilion,Electronics,Laptop,23343,5913.7,29256.7
P00080,Hand Cream,Beauty,Personal Care,1199,375.54,1574.54
P00081,Leather Jacket,Clothing,Jacket,4856,1181.05,6037.05
P00082,Vitamin C Serum,Beauty,Skincare,652,240.29,892.29
P00083,Microwave Oven,Home,Kitchen,13838,3034.13,16872.13
P00084,Lipstick,Beauty,Makeup,2081,722.15,2803.15
P00085,Blanket,Home,Bedding,7605,2575.69,10180.69
P00086,Fitbit Sense 2,Electronics,Smartwatch,8611,2451.51,11062.51
P00087,Bookshelf,Home,Furniture,28471,10223.96,38694.96
P00088,Helmet,Sports,Cycling,3927,792.65,4719.65
P00089,Hair Oil,Beauty,Haircare,1786,670.09,2456.09
P00090,Samsung Galaxy S24,Electronics,Smartphone,29450,4571.89,34021.89
P00091,Body Mist,Beauty,Fragrance,2796,1131.16,3927.16
P00092,Acer Aspire,Electronics,Laptop,35305,5460.07,40765.07
P00093,Wall Clock,Home,Decor,4474,1000.53,5474.53
P00094,Compact Powder,Beauty,Makeup,712,162.22,874.22
P00095,Fitbit Sense 2,Electronics,Smartwatch,15657,3945.41,19602.41
P00096,Linen Shirt,Clothing,Shirt,2071,606.81,2677.81
P00097,Eau de Parfum,Beauty,Fragrance,1798,782.09,2580.09
P00098,Formal Shirt,Clothing,Shirt,2609,845.68,3454.68
P00099,Garmin Venu 3,Electronics,Smartwatch,11186,2753.59,13939.59
P00100,Swimming Goggles,Sports,Swimming,475,120.29,595.29
P00101,Bike Pump,Sports,Cycling,6986,1356.39,8342.39
P00102,Hair Serum,Beauty,Haircare,1642,657.58,2299.58
P00103,Fitbit Sense 2,Electronics,Smartwatch,15174,5300.4,20474.4
P00104,Drawer Unit,Home,Storage,6134,1422.4,7556.4
P00105,V-Neck T-Shirt,Clothing,T-Shirt,1253,405.53,1658.53
P00106,Face Razor,Beauty,Personal Care,1516,552.39,2068.39
P00107,Microwave Oven,Home,Kitchen,7172,1197.49,8369.49
P00108,Leather Jacket,Clothing,Jacket,2865,1096.03,3961.03
P00109,Amazfit GTR 4,Electronics,Smartwatch,7141,2145.09,9286.09
P00110,Puffer Jacket,Clothing,Jacket,6801,2455.28,9256.28
P00111,Non-Stick Pan,Home,Kitchen,13326,3156.8,16482.8
P00112,Face Razor,Beauty,Personal Care,1343,422.1,1765.1
P00113,Water Bottle Cage,Sports,Cycling,10586,3073.81,13659.81
P00114,Microsoft Surface Go,Electronics,Tablet,24683,6030.7,30713.7
P00115,Cricket Bat,Sports,Cricket,1323,338.26,1661.26
P00116,Eyeliner,Beauty,Makeup,984,407.35,1391.35
P00117,Electric Trimmer,Beauty,Personal Care,302,115.91,417.91
P00118,Resistance Bands,Sports,Gym,3812,1161.21,4973.21
P00119,iPhone 15,Electronics,Smartphone,54356,13341.49,67697.49
P00120,Linen Shirt,Clothing,Shirt,1535,674.9,2209.9
P00121,Water Bottle Cage,Sports,Cycling,10837,2297.23,13134.23
P00122,Electric Kettle,Home,Kitchen,1539,254.78,1793.78
P00123,JBL Tune 770NC,Electronics,Headphones,9102,2796.31,11898.31
P00124,Amazfit GTR 4,Electronics,Smartwatch,6779,1532.48,8311.48
P00125,Hair Mask,Beauty,Haircare,539,237.14,776.14
P00126,Moisturizer,Beauty,Skincare,209,100.99,309.99
P00127,Canvas Painting,Home,Decor,5624,1154.46,6778.46
P00128,Samsung Galaxy S24,Electronics,Smartphone,20415,6070.43,26485.43
P00129,Denim Jacket,Clothing,Jacket,5658,1689.47,7347.47
P00130,Slim Fit Jeans,Clothing,Jeans,4700,1220.49,5920.49
P00131,Oxford Shirt,Clothing,Shirt,3370,1402.53,4772.53
P00132,Fitbit Sense 2,Electronics,Smartwatch,9989,3348.69,13337.69
P00133,Electric Trimmer,Beauty,Personal Care,813,300.75,1113.75
P00134,Apple Watch Series 10,Electronics,Smartwatch,9997,2226.78,12223.78
P00135,Toothbrush,Beauty,Personal Care,1569,589.39,2158.39
P00136,Blanket,Home,Bedding,949,254.76,1203.76
P00137,Straight Fit Jeans,Clothing,Jeans,2684,734.94,3418.94
P00138,Shampoo,Beauty,Haircare,773,267.47,1040.47
P00139,Face Razor,Beauty,Personal Care,174,42.21,216.21
P00140,Football Boots,Sports,Football,1758,447.18,2205.18
P00141,Bedsheet,Home,Bedding,4961,1273.26,6234.26
P00142,Goalkeeper Gloves,Sports,Football,2528,863.11,3391.11
P00143,Football,Sports,Football,5849,1817.38,7666.38
P00144,Swim Cap,Sports,Swimming,2500,630.28,3130.28
P00145,Relaxed Fit Jeans,Clothing,Jeans,2606,707.1,3313.1
P00146,Loafers,Clothing,Shoes,2719,745.28,3464.28
P00147,Bootcut Jeans,Clothing,Jeans,1371,286.94,1657.94
P00148,Flower Vase,Home,Decor,5624,1512.95,7136.95
P00149,Shoe Rack,Home,Storage,1323,239.4,1562.4
P00150,Office Desk,Home,Furniture,17124,4801.5,21925.5
P00151,Wooden Chair,Home,Furniture,13453,2965.58,16418.58
P00152,Leather Jacket,Clothing,Jacket,6645,2615.87,9260.87
P00153,Microsoft Surface Go,Electronics,Tablet,32195,4230.5,36425.5
P00154,Blanket,Home,Bedding,1064,202.8,1266.8
P00155,Relaxed Fit Jeans,Clothing,Jeans,2346,759.06,3105.06
P00156,Boots,Clothing,Shoes,4345,1218.92,5563.92
P00157,Slim Fit Jeans,Clothing,Jeans,2775,508.97,3283.97
P00158,Samsung Galaxy S24,Electronics,Smartphone,61277,8674.2,69951.2
P00159,Amazfit GTR 4,Electronics,Smartwatch,10168,3004.11,13172.11
P00160,Oxford Shirt,Clothing,Shirt,1669,370.07,2039.07
P00161,Bookshelf,Home,Furniture,9738,2869.72,12607.72
P00162,Body Mist,Beauty,Fragrance,2011,625.6,2636.6
P00163,Hooded Jacket,Clothing,Jacket,4948,1323.32,6271.32
P00164,Roll-On Perfume,Beauty,Fragrance,2647,776.48,3423.48
P00165,Lenovo Tab P12,Electronics,Tablet,12590,2034.03,14624.03
P00166,Shin Guards,Sports,Football,4570,1495.01,6065.01
P00167,iPad Air,Electronics,Tablet,30673,5628.94,36301.94
P00168,Canvas Painting,Home,Decor,1641,561.53,2202.53
P00169,Cricket Helmet,Sports,Cricket,4708,1205.1,5913.1
P00170,Acer Aspire,Electronics,Laptop,21917,3964.18,25881.18
P00171,Kickboard,Sports,Swimming,2706,562.24,3268.24
P00172,Microwave Oven,Home,Kitchen,7038,1828.36,8866.36
P00173,Wardrobe Organizer,Home,Storage,2419,455.25,2874.25
P00174,Face Wash,Beauty,Skincare,2194,808.03,3002.03
P00175,Oxford Shirt,Clothing,Shirt,2865,1107.3,3972.3
P00176,Drawer Unit,Home,Storage,6056,1094.62,7150.62
P00177,Slim Fit Jeans,Clothing,Jeans,4091,1135.91,5226.91
P00178,Shampoo,Beauty,Haircare,1402,407.04,1809.04
P00179,Hooded Jacket,Clothing,Jacket,7648,2043.07,9691.07
P00180,Bedsheet,Home,Bedding,6568,1839.12,8407.12
P00181,Canvas Painting,Home,Decor,5642,1623.48,7265.48
P00182,iPhone 15,Electronics,Smartphone,46016,8764.52,54780.52
P00183,Drawer Unit,Home,Storage,3910,655.06,4565.06
P00184,Straight Fit Jeans,Clothing,Jeans,2735,837.04,3572.04
P00185,Boots,Clothing,Shoes,3597,1206.55,4803.55
P00186,Hand Cream,Beauty,Personal Care,1050,240.06,1290.06
P00187,Football Boots,Sports,Football,5012,1649.2,6661.2
P00188,Amazfit GTR 4,Electronics,Smartwatch,10359,2928.21,13287.21
P00189,Electric Trimmer,Beauty,Personal Care,146,41.14,187.14
P00190,Mascara,Beauty,Makeup,394,133.84,527.84
P00191,Helmet,Sports,Cycling,11526,3248.43,14774.43
P00192,Yoga Mat,Sports,Gym,3219,1019.39,4238.39
P00193,Photo Frame,Home,Decor,2765,877.19,3642.19
P00194,Wooden Chair,Home,Furniture,27174,10367.53,37541.53
P00195,Loafers,Clothing,Shoes,5451,1991.66,7442.66
P00196,Face Razor,Beauty,Personal Care,1108,349.31,1457.31
P00197,Dining Table,Home,Furniture,10196,2304.93,12500.93
P00198,iPad Air,Electronics,Tablet,21053,2850.28,23903.28
P00199,Bedsheet,Home,Bedding,3772,1236.77,5008.77
P00200,Leather Jacket,Clothing,Jacket,2832,812.9,3644.9
P00201,Stumps,Sports,Cricket,5532,956.23,6488.23
P00202,Cricket Ball,Sports,Cricket,2622,877.3,3499.3
P00203,Table Lamp,Home,Decor,4100,1301.4,5401.4
P00204,Formal Shoes,Clothing,Shoes,2205,511.01,2716.01
P00205,Swimming Goggles,Sports,Swimming,2624,832.0,3456.0
P00206,V-Neck T-Shirt,Clothing,T-Shirt,1792,543.04,2335.04
P00207,Sony WH-1000XM5,Electronics,Headphones,2688,837.21,3525.21
P00208,Swimming Goggles,Sports,Swimming,726,210.04,936.04
P00209,Hair Oil,Beauty,Haircare,1101,473.0,1574.0
P00210,Night Cream,Beauty,Skincare,1700,625.63,2325.63
P00211,Polo T-Shirt,Clothing,T-Shirt,1694,492.37,2186.37
P00212,Bedsheet,Home,Bedding,2861,756.71,3617.71
P00213,Running Shoes,Clothing,Shoes,4335,1539.45,5874.45
P00214,Graphic T-Shirt,Clothing,T-Shirt,2201,672.0,2873.0
P00215,AirPods Pro,Electronics,Headphones,5462,1812.21,7274.21
P00216,Google Pixel 9,Electronics,Smartphone,59063,9172.51,68235.51
P00217,Night Cream,Beauty,Skincare,1487,408.72,1895.72
P00218,Loafers,Clothing,Shoes,1164,262.36,1426.36
P00219,Mixer Grinder,Home,Kitchen,3198,1022.16,4220.16
P00220,Hair Serum,Beauty,Haircare,1458,487.39,1945.39
P00221,TV Cabinet,Home,Furniture,25419,7218.14,32637.14
P00222,Photo Frame,Home,Decor,2055,667.53,2722.53
P00223,Acer Aspire,Electronics,Laptop,27083,5251.45,32334.45
P00224,Bedsheet,Home,Bedding,3461,955.87,4416.87
P00225,Casual Shirt,Clothing,Shirt,3686,1209.43,4895.43
P00226,Acer Aspire,Electronics,Laptop,54072,10899.7,64971.7
P00227,Sneakers,Clothing,Shoes,1441,521.79,1962.79
P00228,Drawer Unit,Home,Storage,2975,498.8,3473.8
P00229,Cricket Ball,Sports,Cricket,7684,1775.39,9459.39
P00230,Mattress Protector,Home,Bedding,1041,211.6,1252.6
P00231,Samsung Galaxy Tab S9,Electronics,Tablet,24060,4806.12,28866.12
P00232,Plastic Storage Box,Home,Storage,3769,793.97,4562.97
P00233,Electric Kettle,Home,Kitchen,6941,2065.69,9006.69
P00234,Puffer Jacket,Clothing,Jacket,6990,1880.8,8870.8
P00235,Hair Oil,Beauty,Haircare,1286,507.08,1793.08
P00236,Oversized T-Shirt,Clothing,T-Shirt,1612,409.42,2021.42
P00237,Resistance Bands,Sports,Gym,4220,1262.93,5482.93
P00238,Conditioner,Beauty,Haircare,303,104.49,407.49
P00239,iPhone 15,Electronics,Smartphone,66912,13997.22,80909.22
P00240,Polo T-Shirt,Clothing,T-Shirt,1362,293.08,1655.08
P00241,Laundry Basket,Home,Storage,971,286.6,1257.6
P00242,Comforter,Home,Bedding,2336,456.85,2792.85
P00243,Oxford Shirt,Clothing,Shirt,1540,673.84,2213.84
P00244,JBL Tune 770NC,Electronics,Headphones,7895,2587.9,10482.9
P00245,Apple Watch Series 10,Electronics,Smartwatch,15918,4741.01,20659.01
P00246,Samsung Galaxy Watch 7,Electronics,Smartwatch,8873,2484.48,11357.48
P00247,Acer Aspire,Electronics,Laptop,39541,13171.01,52712.01
P00248,Sunscreen,Beauty,Skincare,1721,611.71,2332.71
P00249,Eyeliner,Beauty,Makeup,1234,383.81,1617.81
P00250,Polo T-Shirt,Clothing,T-Shirt,1482,404.5,1886.5
P00251,Water Bottle Cage,Sports,Cycling,1630,486.34,2116.34
P00252,Bedsheet,Home,Bedding,4287,1347.93,5634.93
P00253,Samsung Galaxy Watch 7,Electronics,Smartwatch,19520,6453.63,25973.63
P00254,Blanket,Home,Bedding,1010,261.12,1271.12
P00255,Canvas Painting,Home,Decor,3712,1027.45,4739.45
P00256,Skinny Jeans,Clothing,Jeans,4824,1497.48,6321.48
P00257,Toothbrush,Beauty,Personal Care,796,251.66,1047.66
P00258,Cricket Ball,Sports,Cricket,7569,1767.77,9336.77
P00259,Swimming Goggles,Sports,Swimming,2450,661.74,3111.74
P00260,Blanket,Home,Bedding,6777,1898.57,8675.57
P00261,Apple Watch Series 10,Electronics,Smartwatch,8494,2083.88,10577.88
P00262,Bike Pump,Sports,Cycling,11733,3703.62,15436.62
P00263,Hair Serum,Beauty,Haircare,859,383.51,1242.51
P00264,Denim Jacket,Clothing,Jacket,6367,1695.75,8062.75
P00265,Pool Towel,Sports,Swimming,3714,1028.42,4742.42
P00266,Table Lamp,Home,Decor,1324,323.18,1647.18
P00267,Lenovo ThinkPad,Electronics,Laptop,34199,7524.64,41723.64
P00268,Face Wash,Beauty,Skincare,1243,619.92,1862.92
P00269,Conditioner,Beauty,Haircare,999,388.81,1387.81
P00270,Bootcut Jeans,Clothing,Jeans,1592,431.89,2023.89
P00271,Sennheiser HD 450BT,Electronics,Headphones,13873,4043.79,17916.79
P00272,Skinny Jeans,Clothing,Jeans,1918,656.84,2574.84
P00273,Football,Sports,Football,5982,1743.1,7725.1
P00274,Hair Oil,Beauty,Haircare,1133,340.5,1473.5
P00275,Denim Jacket,Clothing,Jacket,2413,569.97,2982.97
P00276,Swimming Fins,Sports,Swimming,1372,449.58,1821.58
P00277,Hand Cream,Beauty,Personal Care,797,250.47,1047.47
P00278,Canvas Painting,Home,Decor,1812,680.82,2492.82
P00279,Running Shoes,Clothing,Shoes,2704,703.37,3407.37
P00280,Night Cream,Beauty,Skincare,1393,385.11,1778.11
P00281,Boots,Clothing,Shoes,1556,555.39,2111.39
P00282,Graphic T-Shirt,Clothing,T-Shirt,1874,435.05,2309.05
P00283,Training Cones,Sports,Football,2412,540.23,2952.23
P00284,Drawer Unit,Home,Storage,1936,452.98,2388.98
P00285,Mattress Protector,Home,Bedding,5470,1104.04,6574.04
P00286,Polo T-Shirt,Clothing,T-Shirt,1547,569.33,2116.33
P00287,Water Bottle Cage,Sports,Cycling,6584,2068.02,8652.02
P00288,Helmet,Sports,Cycling,8991,2078.39,11069.39
P00289,Sony WH-1000XM5,Electronics,Headphones,10073,2968.66,13041.66
P00290,Table Lamp,Home,Decor,2853,1135.58,3988.58
P00291,Deodorant,Beauty,Fragrance,1012,285.91,1297.91
P00292,Cologne,Beauty,Fragrance,1156,526.42,1682.42
P00293,Straight Fit Jeans,Clothing,Jeans,4309,892.05,5201.05
P00294,Laundry Basket,Home,Storage,6896,1140.11,8036.11
P00295,Fitbit Sense 2,Electronics,Smartwatch,21482,4673.0,26155.0
P00296,Comforter,Home,Bedding,6358,2082.69,8440.69
P00297,Water Bottle Cage,Sports,Cycling,5616,1879.22,7495.22
P00298,Hair Serum,Beauty,Haircare,1832,558.47,2390.47
P00299,Slim Fit Jeans,Clothing,Jeans,4663,1413.6,6076.6
P00300,Drawer Unit,Home,Storage,2655,743.98,3398.98
P00301,Shin Guards,Sports,Football,2655,723.09,3378.09
P00302,Cricket Bat,Sports,Cricket,4176,1275.01,5451.01
P00303,V-Neck T-Shirt,Clothing,T-Shirt,648,146.61,794.61
P00304,Body Mist,Beauty,Fragrance,3196,947.18,4143.18
P00305,OnePlus 13,Electronics,Smartphone,63027,12445.0,75472.0
P00306,Sennheiser HD 450BT,Electronics,Headphones,2116,673.0,2789.0
P00307,Leather Jacket,Clothing,Jacket,5667,1773.32,7440.32
P00308,Canvas Painting,Home,Decor,1228,456.85,1684.85
P00309,Lenovo Tab P12,Electronics,Tablet,23399,2852.06,26251.06
P00310,Cricket Helmet,Sports,Cricket,3220,843.41,4063.41
P00311,Bedsheet,Home,Bedding,701,189.85,890.85
P00312,Apple Watch Series 10,Electronics,Smartwatch,18451,4443.48,22894.48
P00313,Pressure Cooker,Home,Kitchen,13430,2552.1,15982.1
P00314,Batting Gloves,Sports,Cricket,816,237.7,1053.7
P00315,iPhone 15,Electronics,Smartphone,37291,10321.2,47612.2
P00316,Pillow,Home,Bedding,6137,1743.42,7880.42
P00317,Loafers,Clothing,Shoes,4461,1548.47,6009.47
P00318,Wall Clock,Home,Decor,5469,1573.55,7042.55
P00319,Pillow,Home,Bedding,3656,955.96,4611.96
P00320,Round Neck T-Shirt,Clothing,T-Shirt,1049,280.48,1329.48
P00321,Hand Cream,Beauty,Personal Care,1717,350.56,2067.56
P00322,Leather Jacket,Clothing,Jacket,2582,903.87,3485.87
P00323,Flower Vase,Home,Decor,5040,1080.78,6120.78
P00324,Sony WH-1000XM5,Electronics,Headphones,9005,3531.37,12536.37
P00325,Laundry Basket,Home,Storage,5411,1408.5,6819.5
P00326,Helmet,Sports,Cycling,3212,858.82,4070.82
P00327,AirPods Pro,Electronics,Headphones,7631,2451.37,10082.37
P00328,Blanket,Home,Bedding,5550,1557.88,7107.88
P00329,Roll-On Perfume,Beauty,Fragrance,779,317.75,1096.75
P00330,Samsung Galaxy Tab S9,Electronics,Tablet,29975,4819.88,34794.88
P00331,Blanket,Home,Bedding,1074,268.73,1342.73
P00332,Vitamin C Serum,Beauty,Skincare,580,209.57,789.57
P00333,AirPods Pro,Electronics,Headphones,5814,1352.95,7166.95
P00334,Formal Shirt,Clothing,Shirt,527,139.41,666.41
P00335,Body Wash,Beauty,Personal Care,1547,494.64,2041.64
P00336,Kickboard,Sports,Swimming,3481,734.58,4215.58
P00337,Wardrobe Organizer,Home,Storage,3691,1012.56,4703.56
P00338,Amazfit GTR 4,Electronics,Smartwatch,9895,2819.23,12714.23
P00339,OnePlus 13,Electronics,Smartphone,54267,6870.25,61137.25
P00340,Toothbrush,Beauty,Personal Care,264,94.08,358.08
P00341,Cycling Gloves,Sports,Cycling,2774,552.1,3326.1
P00342,Mixer Grinder,Home,Kitchen,10508,3544.57,14052.57
P00343,Sunscreen,Beauty,Skincare,397,117.12,514.12
P00344,Leather Jacket,Clothing,Jacket,2508,845.03,3353.03
P00345,Shin Guards,Sports,Football,3140,821.37,3961.37
P00346,Straight Fit Jeans,Clothing,Jeans,4568,1496.23,6064.23
P00347,V-Neck T-Shirt,Clothing,T-Shirt,1617,368.56,1985.56
P00348,Body Mist,Beauty,Fragrance,3043,1318.3,4361.3
P00349,Plastic Storage Box,Home,Storage,1814,455.12,2269.12
P00350,Foundation,Beauty,Makeup,2658,1105.0,3763.0
P00351,Graphic T-Shirt,Clothing,T-Shirt,602,189.1,791.1
P00352,Dumbbells,Sports,Gym,3372,819.85,4191.85
P00353,Body Wash,Beauty,Personal Care,1725,465.26,2190.26
P00354,Mixer Grinder,Home,Kitchen,12424,2874.68,15298.68
P00355,Night Cream,Beauty,Skincare,688,190.77,878.77
P00356,Laundry Basket,Home,Storage,2437,525.72,2962.72
P00357,Microwave Oven,Home,Kitchen,2000,426.88,2426.88
P00358,Shampoo,Beauty,Haircare,1517,469.32,1986.32
P00359,Apple Watch Series 10,Electronics,Smartwatch,8806,2428.56,11234.56
P00360,Boots,Clothing,Shoes,2440,592.33,3032.33
P00361,Xiaomi Pad 6,Electronics,Tablet,24437,2712.0,27149.0
P00362,Graphic T-Shirt,Clothing,T-Shirt,1326,409.03,1735.03
P00363,Mattress Protector,Home,Bedding,1877,372.61,2249.61
P00364,Compact Powder,Beauty,Makeup,2063,704.68,2767.68
P00365,Comforter,Home,Bedding,7270,1331.13,8601.13
P00366,Puffer Jacket,Clothing,Jacket,7423,3009.34,10432.34
P00367,Pool Towel,Sports,Swimming,869,199.16,1068.16
P00368,Cologne,Beauty,Fragrance,2791,912.16,3703.16
P00369,Yoga Mat,Sports,Gym,1981,554.64,2535.64
P00370,Body Mist,Beauty,Fragrance,599,176.88,775.88
P00371,Training Cones,Sports,Football,4054,933.22,4987.22
P00372,Acer Aspire,Electronics,Laptop,26441,8819.41,35260.41
P00373,Mountain Bike,Sports,Cycling,6791,1272.5,8063.5
P00374,Canvas Painting,Home,Decor,1800,678.31,2478.31
P00375,HP Pavilion,Electronics,Laptop,36393,6731.06,43124.06
P00376,Samsung Galaxy Watch 7,Electronics,Smartwatch,10295,2471.64,12766.64
P00377,Canvas Painting,Home,Decor,4645,1608.99,6253.99
P00378,Helmet,Sports,Cycling,8500,1668.05,10168.05
P00379,Football,Sports,Football,1862,520.85,2382.85
P00380,Xiaomi Pad 6,Electronics,Tablet,27633,4723.41,32356.41
P00381,Night Cream,Beauty,Skincare,1187,357.94,1544.94
P00382,Polo T-Shirt,Clothing,T-Shirt,1400,446.45,1846.45
P00383,Lenovo ThinkPad,Electronics,Laptop,24358,7040.17,31398.17
P00384,Oversized T-Shirt,Clothing,T-Shirt,1298,348.15,1646.15
P00385,Sneakers,Clothing,Shoes,2125,646.23,2771.23
P00386,Cologne,Beauty,Fragrance,602,240.16,842.16
P00387,Google Pixel 9,Electronics,Smartphone,49957,9187.06,59144.06
P00388,Swimming Goggles,Sports,Swimming,3275,688.21,3963.21
P00389,Roll-On Perfume,Beauty,Fragrance,409,157.47,566.47
P00390,Photo Frame,Home,Decor,2928,853.14,3781.14
P00391,Blanket,Home,Bedding,3361,923.68,4284.68
P00392,Pillow,Home,Bedding,6261,2146.25,8407.25
P00393,Body Wash,Beauty,Personal Care,410,125.94,535.94
P00394,Sony WH-1000XM5,Electronics,Headphones,12123,4803.71,16926.71
P00395,Puffer Jacket,Clothing,Jacket,6225,2605.14,8830.14
P00396,Cricket Bat,Sports,Cricket,785,199.54,984.54
P00397,TV Cabinet,Home,Furniture,14023,4581.45,18604.45
P00398,Training Cones,Sports,Football,4125,825.0,4950.0
P00399,Wardrobe Organizer,Home,Storage,3208,523.37,3731.37
P00400,Formal Shirt,Clothing,Shirt,2996,828.04,3824.04
P00401,Shin Guards,Sports,Football,4806,997.24,5803.24
P00402,Boots,Clothing,Shoes,1243,295.25,1538.25
P00403,Dell Inspiron 15,Electronics,Laptop,41932,9481.86,51413.86
P00404,Photo Frame,Home,Decor,572,151.3,723.3
P00405,Round Neck T-Shirt,Clothing,T-Shirt,429,104.99,533.99
P00406,Football Boots,Sports,Football,2385,483.03,2868.03
P00407,Sony WH-1000XM5,Electronics,Headphones,11325,4299.56,15624.56
P00408,Roll-On Perfume,Beauty,Fragrance,2780,972.07,3752.07
P00409,Fitbit Sense 2,Electronics,Smartwatch,22913,4389.89,27302.89
P00410,Bedsheet,Home,Bedding,7946,2731.28,10677.28
P00411,Cycling Gloves,Sports,Cycling,10234,2722.7,12956.7
P00412,Laundry Basket,Home,Storage,3294,810.73,4104.73
P00413,Conditioner,Beauty,Haircare,1233,398.21,1631.21
P00414,Bomber Jacket,Clothing,Jacket,3453,1077.2,4530.2
P00415,Table Lamp,Home,Decor,5872,1901.94,7773.94
P00416,iPad Air,Electronics,Tablet,39794,4424.87,44218.87
P00417,Skipping Rope,Sports,Gym,908,274.11,1182.11
P00418,Amazfit GTR 4,Electronics,Smartwatch,13011,2726.3,15737.3
P00419,Helmet,Sports,Cycling,11200,3704.09,14904.09
P00420,Hair Oil,Beauty,Haircare,1699,484.86,2183.86
P00421,Face Razor,Beauty,Personal Care,1697,502.77,2199.77
P00422,Lipstick,Beauty,Makeup,2211,723.13,2934.13
P00423,Fitbit Sense 2,Electronics,Smartwatch,18828,6512.58,25340.58
P00424,Shoe Rack,Home,Storage,1471,328.29,1799.29
P00425,Denim Shirt,Clothing,Shirt,2942,922.59,3864.59
P00426,Swim Cap,Sports,Swimming,2957,657.95,3614.95
P00427,Helmet,Sports,Cycling,6339,2014.64,8353.64
P00428,Cologne,Beauty,Fragrance,2851,1272.27,4123.27
P00429,Face Wash,Beauty,Skincare,2439,1089.56,3528.56
P00430,iPhone 15,Electronics,Smartphone,61723,8255.76,69978.76
P00431,Dell Inspiron 15,Electronics,Laptop,40281,8080.84,48361.84
P00432,Roll-On Perfume,Beauty,Fragrance,1008,418.16,1426.16
P00433,Formal Shirt,Clothing,Shirt,3503,1095.23,4598.23
P00434,Hair Mask,Beauty,Haircare,1589,711.32,2300.32
P00435,Body Wash,Beauty,Personal Care,186,63.85,249.85
P00436,Hair Oil,Beauty,Haircare,1818,639.42,2457.42
P00437,Comforter,Home,Bedding,5231,1630.46,6861.46
P00438,Formal Shoes,Clothing,Shoes,4562,1250.83,5812.83
P00439,Eyeliner,Beauty,Makeup,1546,582.06,2128.06
P00440,Samsung Galaxy S24,Electronics,Smartphone,43182,6780.6,49962.6
P00441,Boat Rockerz 550,Electronics,Headphones,11805,2524.51,14329.51
P00442,Dell Inspiron 15,Electronics,Laptop,54964,9621.27,64585.27
P00443,Oversized T-Shirt,Clothing,T-Shirt,2016,774.26,2790.26
P00444,Goalkeeper Gloves,Sports,Football,921,218.74,1139.74
P00445,Wooden Chair,Home,Furniture,7583,2335.71,9918.71
P00446,Football,Sports,Football,4097,1394.3,5491.3
P00447,Swimming Fins,Sports,Swimming,3759,1031.5,4790.5
P00448,Garmin Venu 3,Electronics,Smartwatch,19990,6586.22,26576.22
P00449,Cricket Ball,Sports,Cricket,2696,811.52,3507.52
P00450,Roll-On Perfume,Beauty,Fragrance,505,195.06,700.06
P00451,Denim Shirt,Clothing,Shirt,1269,295.59,1564.59
P00452,Yoga Mat,Sports,Gym,3978,1184.17,5162.17
P00453,Kickboard,Sports,Swimming,2868,827.57,3695.57
P00454,Bootcut Jeans,Clothing,Jeans,2004,620.02,2624.02
P00455,Mixer Grinder,Home,Kitchen,6995,2065.57,9060.57
P00456,JBL Tune 770NC,Electronics,Headphones,7343,2760.7,10103.7
P00457,Wall Clock,Home,Decor,3581,1247.87,4828.87
P00458,Straight Fit Jeans,Clothing,Jeans,2859,895.57,3754.57
P00459,Helmet,Sports,Cycling,4149,1339.27,5488.27
P00460,Cricket Bat,Sports,Cricket,3989,1203.62,5192.62
P00461,Resistance Bands,Sports,Gym,4195,1260.22,5455.22
P00462,Mattress Protector,Home,Bedding,5951,1801.68,7752.68
P00463,Oversized T-Shirt,Clothing,T-Shirt,1792,359.07,2151.07
P00464,Eyeliner,Beauty,Makeup,487,184.49,671.49
P00465,Cricket Helmet,Sports,Cricket,3792,1055.94,4847.94
P00466,Eyeliner,Beauty,Makeup,2883,1024.31,3907.31
P00467,Photo Frame,Home,Decor,4655,1230.88,5885.88
P00468,Puffer Jacket,Clothing,Jacket,2041,849.86,2890.86
P00469,Roll-On Perfume,Beauty,Fragrance,681,233.83,914.83
P00470,Samsung Galaxy S24,Electronics,Smartphone,45598,7282.46,52880.46
P00471,Formal Shoes,Clothing,Shoes,2326,883.19,3209.19
P00472,Swimming Goggles,Sports,Swimming,2848,841.96,3689.96
P00473,Skipping Rope,Sports,Gym,374,130.15,504.15
P00474,Plastic Storage Box,Home,Storage,1299,265.43,1564.43
P00475,Canvas Painting,Home,Decor,4196,1330.81,5526.81
P00476,Sunscreen,Beauty,Skincare,2100,935.86,3035.86
P00477,Round Neck T-Shirt,Clothing,T-Shirt,1221,457.32,1678.32
P00478,Toothbrush,Beauty,Personal Care,148,42.48,190.48
P00479,Body Mist,Beauty,Fragrance,887,383.17,1270.17
P00480,Wall Clock,Home,Decor,3339,1154.97,4493.97
P00481,Boat Rockerz 550,Electronics,Headphones,6283,1757.78,8040.78
P00482,Cricket Helmet,Sports,Cricket,7368,1206.82,8574.82
P00483,Shin Guards,Sports,Football,5398,1198.28,6596.28
P00484,Football Boots,Sports,Football,604,136.25,740.25
P00485,Amazfit GTR 4,Electronics,Smartwatch,6643,1895.57,8538.57
P00486,Oxford Shirt,Clothing,Shirt,2743,764.74,3507.74
P00487,Round Neck T-Shirt,Clothing,T-Shirt,1471,331.85,1802.85
P00488,Lipstick,Beauty,Makeup,2839,1071.84,3910.84
P00489,Samsung Galaxy Watch 7,Electronics,Smartwatch,24054,5139.78,29193.78
P00490,Lenovo Tab P12,Electronics,Tablet,32360,7832.91,40192.91
P00491,Stumps,Sports,Cricket,924,142.67,1066.67
P00492,Body Mist,Beauty,Fragrance,3314,1533.24,4847.24
P00493,Nothing Phone 3,Electronics,Smartphone,45340,12460.57,57800.57
P00494,Wall Clock,Home,Decor,4169,1291.42,5460.42
P00495,Mixer Grinder,Home,Kitchen,14140,2519.63,16659.63
P00496,Dell Inspiron 15,Electronics,Laptop,20097,6479.22,26576.22
P00497,Puffer Jacket,Clothing,Jacket,1843,695.54,2538.54
P00498,Yoga Mat,Sports,Gym,910,191.46,1101.46
P00499,Amazfit GTR 4,Electronics,Smartwatch,13369,3156.91,16525.91
P00500,Swimming Fins,Sports,Swimming,3051,727.13,3778.13
P00501,Moisturizer,Beauty,Skincare,1080,277.34,1357.34
P00502,Xiaomi Pad 6,Electronics,Tablet,33648,5336.88,38984.88
P00503,Running Shoes,Clothing,Shoes,3426,919.8,4345.8
P00504,Bomber Jacket,Clothing,Jacket,6374,1662.04,8036.04
P00505,Pillow,Home,Bedding,6116,1701.42,7817.42
P00506,Moisturizer,Beauty,Skincare,667,259.77,926.77
P00507,Canvas Painting,Home,Decor,758,287.61,1045.61
P00508,Denim Shirt,Clothing,Shirt,3700,770.88,4470.88
P00509,Roll-On Perfume,Beauty,Fragrance,862,310.39,1172.39
P00510,Denim Shirt,Clothing,Shirt,2430,792.91,3222.91
P00511,Fitbit Sense 2,Electronics,Smartwatch,23988,7275.12,31263.12
P00512,Pillow,Home,Bedding,1825,632.48,2457.48
P00513,Bootcut Jeans,Clothing,Jeans,2260,442.54,2702.54
P00514,Cricket Helmet,Sports,Cricket,5525,1060.53,6585.53
P00515,Hair Mask,Beauty,Haircare,414,171.32,585.32
P00516,Photo Frame,Home,Decor,3490,1152.86,4642.86
P00517,Samsung Galaxy Watch 7,Electronics,Smartwatch,17269,5539.94,22808.94
P00518,Training Cones,Sports,Football,4231,824.29,5055.29
P00519,Garmin Venu 3,Electronics,Smartwatch,22099,7379.1,29478.1
P00520,Graphic T-Shirt,Clothing,T-Shirt,1398,461.66,1859.66
P00521,Amazfit GTR 4,Electronics,Smartwatch,22058,7134.34,29192.34
P00522,Slim Fit Jeans,Clothing,Jeans,1423,434.98,1857.98
P00523,Non-Stick Pan,Home,Kitchen,10127,1526.78,11653.78
P00524,Boat Rockerz 550,Electronics,Headphones,8144,2992.17,11136.17
P00525,Sneakers,Clothing,Shoes,5628,1159.22,6787.22
P00526,Toothbrush,Beauty,Personal Care,1777,676.54,2453.54
P00527,Google Pixel 9,Electronics,Smartphone,62939,15086.31,78025.31
P00528,Wall Clock,Home,Decor,5241,1751.26,6992.26
P00529,Straight Fit Jeans,Clothing,Jeans,3297,720.54,4017.54
P00530,Hair Oil,Beauty,Haircare,1715,703.96,2418.96
P00531,Running Shoes,Clothing,Shoes,1280,353.1,1633.1
P00532,Dining Table,Home,Furniture,27173,11621.69,38794.69
P00533,Wall Clock,Home,Decor,2831,576.4,3407.4
P00534,Xiaomi Pad 6,Electronics,Tablet,23686,4261.14,27947.14
P00535,Boots,Clothing,Shoes,3723,809.29,4532.29
P00536,OnePlus 13,Electronics,Smartphone,59192,15888.1,75080.1
P00537,Shampoo,Beauty,Haircare,190,49.33,239.33
P00538,Helmet,Sports,Cycling,9304,2613.01,11917.01
P00539,Apple Watch Series 10,Electronics,Smartwatch,22863,4250.09,27113.09
P00540,Straight Fit Jeans,Clothing,Jeans,2192,588.87,2780.87
P00541,Cologne,Beauty,Fragrance,2236,832.0,3068.0
P00542,Body Wash,Beauty,Personal Care,1568,323.84,1891.84
P00543,Casual Shirt,Clothing,Shirt,1227,538.6,1765.6
P00544,Deodorant,Beauty,Fragrance,2471,1095.81,3566.81
P00545,Samsung Galaxy Tab S9,Electronics,Tablet,39491,6575.53,46066.53
P00546,Hair Serum,Beauty,Haircare,654,255.4,909.4
P00547,Cycling Gloves,Sports,Cycling,2271,557.23,2828.23
P00548,Hair Serum,Beauty,Haircare,343,104.38,447.38
P00549,Formal Shirt,Clothing,Shirt,1610,485.81,2095.81
P00550,HP Pavilion,Electronics,Laptop,26716,6532.03,33248.03
P00551,Flower Vase,Home,Decor,3951,1161.31,5112.31
P00552,Fitbit Sense 2,Electronics,Smartwatch,6800,1943.63,8743.63
P00553,Puffer Jacket,Clothing,Jacket,7443,2517.03,9960.03
P00554,Face Wash,Beauty,Skincare,1413,647.62,2060.62
P00555,Mountain Bike,Sports,Cycling,6197,1603.07,7800.07
P00556,Moisturizer,Beauty,Skincare,1586,414.1,2000.1
P00557,Nothing Phone 3,Electronics,Smartphone,16912,3907.89,20819.89
P00558,Hair Oil,Beauty,Haircare,332,141.05,473.05
P00559,Hair Oil,Beauty,Haircare,1056,291.77,1347.77
P00560,Vitamin C Serum,Beauty,Skincare,218,76.9,294.9
P00561,Electric Trimmer,Beauty,Personal Care,1391,465.88,1856.88
P00562,Samsung Galaxy Watch 7,Electronics,Smartwatch,4987,1593.86,6580.86
P00563,Microsoft Surface Go,Electronics,Tablet,32958,3590.07,36548.07
P00564,Football Boots,Sports,Football,4433,1299.31,5732.31
P00565,AirPods Pro,Electronics,Headphones,3774,1071.02,4845.02
P00566,Cricket Bat,Sports,Cricket,831,137.98,968.98
P00567,Acer Aspire,Electronics,Laptop,40584,11334.71,51918.71
P00568,Bootcut Jeans,Clothing,Jeans,1609,463.61,2072.61
P00569,OnePlus 13,Electronics,Smartphone,29154,7297.69,36451.69
P00570,Denim Jacket,Clothing,Jacket,3128,729.73,3857.73
P00571,Wooden Chair,Home,Furniture,21850,6821.86,28671.86
P00572,Compact Powder,Beauty,Makeup,1536,586.14,2122.14
P00573,OnePlus 13,Electronics,Smartphone,22516,5508.51,28024.51
P00574,Comforter,Home,Bedding,4200,952.62,5152.62
P00575,Eyeliner,Beauty,Makeup,2189,649.8,2838.8
P00576,Loafers,Clothing,Shoes,4134,900.37,5034.37
P00577,Round Neck T-Shirt,Clothing,T-Shirt,1441,491.55,1932.55
P00578,ASUS VivoBook,Electronics,Laptop,31172,8701.6,39873.6
P00579,Face Wash,Beauty,Skincare,2010,515.29,2525.29
P00580,Shin Guards,Sports,Football,1842,438.22,2280.22
P00581,Slim Fit Jeans,Clothing,Jeans,3628,1070.66,4698.66
P00582,Eyeliner,Beauty,Makeup,1763,736.24,2499.24
P00583,Sony WH-1000XM5,Electronics,Headphones,3900,1538.18,5438.18
P00584,Relaxed Fit Jeans,Clothing,Jeans,1878,404.72,2282.72
P00585,Straight Fit Jeans,Clothing,Jeans,4334,797.33,5131.33
P00586,Hooded Jacket,Clothing,Jacket,6137,1509.76,7646.76
P00587,Shoe Rack,Home,Storage,923,181.92,1104.92
P00588,Shin Guards,Sports,Football,2816,549.1,3365.1
P00589,Running Shoes,Clothing,Shoes,3156,1182.66,4338.66
P00590,Pool Towel,Sports,Swimming,3960,1120.9,5080.9
P00591,Shoe Rack,Home,Storage,6298,1736.88,8034.88
P00592,Graphic T-Shirt,Clothing,T-Shirt,1739,594.39,2333.39
P00593,TV Cabinet,Home,Furniture,14181,5237.71,19418.71
P00594,Roll-On Perfume,Beauty,Fragrance,608,234.81,842.81
P00595,Sennheiser HD 450BT,Electronics,Headphones,8626,1984.88,10610.88
P00596,Photo Frame,Home,Decor,3670,1380.15,5050.15
P00597,Lenovo ThinkPad,Electronics,Laptop,32452,9611.1,42063.1
P00598,Swimming Goggles,Sports,Swimming,3060,861.25,3921.25
P00599,Bootcut Jeans,Clothing,Jeans,966,231.93,1197.93
P00600,Kickboard,Sports,Swimming,1910,417.76,2327.76
P00601,Sony WH-1000XM5,Electronics,Headphones,2557,529.02,3086.02
P00602,Lenovo Tab P12,Electronics,Tablet,14761,3648.15,18409.15
P00603,Helmet,Sports,Cycling,6847,1565.11,8412.11
P00604,Lenovo Tab P12,Electronics,Tablet,22991,3996.96,26987.96
P00605,Dining Table,Home,Furniture,25452,11330.84,36782.84
P00606,Comforter,Home,Bedding,6506,2016.66,8522.66
P00607,Kickboard,Sports,Swimming,3519,1229.6,4748.6
P00608,Swimming Goggles,Sports,Swimming,2784,910.49,3694.49
P00609,Relaxed Fit Jeans,Clothing,Jeans,1642,470.47,2112.47
P00610,Drawer Unit,Home,Storage,4706,1194.76,5900.76
P00611,Laundry Basket,Home,Storage,4552,873.14,5425.14
P00612,Lenovo Tab P12,Electronics,Tablet,33921,6835.87,40756.87
P00613,iPad Air,Electronics,Tablet,13363,3008.3,16371.3
P00614,Fitbit Sense 2,Electronics,Smartwatch,13959,4736.37,18695.37
P00615,Cricket Bat,Sports,Cricket,4247,1231.66,5478.66
P00616,ASUS VivoBook,Electronics,Laptop,28605,4430.91,33035.91
P00617,Relaxed Fit Jeans,Clothing,Jeans,1609,510.7,2119.7
P00618,Compact Powder,Beauty,Makeup,2430,788.57,3218.57
P00619,Office Desk,Home,Furniture,27297,7112.45,34409.45
P00620,Football Boots,Sports,Football,1897,471.38,2368.38
P00621,Goalkeeper Gloves,Sports,Football,3351,769.82,4120.82
P00622,Hooded Jacket,Clothing,Jacket,5378,1426.28,6804.28
P00623,Fitbit Sense 2,Electronics,Smartwatch,5556,1202.8,6758.8
P00624,Formal Shirt,Clothing,Shirt,3273,808.3,4081.3
P00625,Electric Kettle,Home,Kitchen,6575,1715.62,8290.62
P00626,Football Boots,Sports,Football,1411,326.71,1737.71
P00627,Kickboard,Sports,Swimming,1894,583.54,2477.54
P00628,Football Boots,Sports,Football,4849,1467.76,6316.76
P00629,Sony WH-1000XM5,Electronics,Headphones,9758,2152.12,11910.12
P00630,Acer Aspire,Electronics,Laptop,51897,15206.22,67103.22
P00631,HP Pavilion,Electronics,Laptop,55205,11005.93,66210.93
P00632,Amazfit GTR 4,Electronics,Smartwatch,11818,3788.16,15606.16
P00633,Slim Fit Jeans,Clothing,Jeans,1518,385.19,1903.19
P00634,JBL Tune 770NC,Electronics,Headphones,13684,3054.33,16738.33
P00635,Plastic Storage Box,Home,Storage,4699,1150.82,5849.82
P00636,Shoe Rack,Home,Storage,1034,258.46,1292.46
P00637,JBL Tune 770NC,Electronics,Headphones,7904,2649.59,10553.59
P00638,Nothing Phone 3,Electronics,Smartphone,28211,7355.41,35566.41
P00639,Swim Cap,Sports,Swimming,1312,333.26,1645.26
P00640,Batting Gloves,Sports,Cricket,3874,667.09,4541.09
P00641,Running Shoes,Clothing,Shoes,1891,670.57,2561.57
P00642,Compact Powder,Beauty,Makeup,696,211.0,907.0
P00643,Wooden Chair,Home,Furniture,22621,7195.07,29816.07
P00644,Sennheiser HD 450BT,Electronics,Headphones,12070,3881.11,15951.11
P00645,Bookshelf,Home,Furniture,17609,6766.68,24375.68
P00646,Water Bottle Cage,Sports,Cycling,2039,614.24,2653.24
P00647,Sennheiser HD 450BT,Electronics,Headphones,13515,2819.25,16334.25
P00648,Face Wash,Beauty,Skincare,317,141.22,458.22
P00649,Cologne,Beauty,Fragrance,807,250.55,1057.55
P00650,Bookshelf,Home,Furniture,7493,2273.46,9766.46
P00651,iPad Air,Electronics,Tablet,38427,7273.07,45700.07
P00652,Shampoo,Beauty,Haircare,889,229.66,1118.66
P00653,Bookshelf,Home,Furniture,7214,2838.69,10052.69
P00654,AirPods Pro,Electronics,Headphones,8091,1821.37,9912.37
P00655,Mascara,Beauty,Makeup,2522,961.97,3483.97
P00656,Shoe Rack,Home,Storage,5560,1478.8,7038.8
P00657,Bedsheet,Home,Bedding,4409,1221.34,5630.34
P00658,Puffer Jacket,Clothing,Jacket,2472,1025.48,3497.48
P00659,Linen Shirt,Clothing,Shirt,3323,1315.24,4638.24
P00660,Garmin Venu 3,Electronics,Smartwatch,16903,3231.31,20134.31
P00661,Samsung Galaxy Watch 7,Electronics,Smartwatch,23660,7265.17,30925.17
P00662,Shin Guards,Sports,Football,5623,1913.3,7536.3
P00663,Body Mist,Beauty,Fragrance,3464,1352.08,4816.08
P00664,Google Pixel 9,Electronics,Smartphone,58169,9030.73,67199.73
P00665,Office Desk,Home,Furniture,18384,7267.76,25651.76
P00666,Hair Oil,Beauty,Haircare,610,251.46,861.46
P00667,Bike Pump,Sports,Cycling,10182,3234.58,13416.58
P00668,Mountain Bike,Sports,Cycling,4106,781.4,4887.4
P00669,Mixer Grinder,Home,Kitchen,11244,2804.96,14048.96
P00670,iPad Air,Electronics,Tablet,21185,3077.92,24262.92
P00671,Wardrobe Organizer,Home,Storage,6477,1045.62,7522.62
P00672,Microwave Oven,Home,Kitchen,12486,1982.53,14468.53
P00673,Cologne,Beauty,Fragrance,869,400.53,1269.53
P00674,Denim Jacket,Clothing,Jacket,3046,908.84,3954.84
P00675,Cricket Helmet,Sports,Cricket,2390,596.66,2986.66
P00676,Polo T-Shirt,Clothing,T-Shirt,1655,416.91,2071.91
P00677,Lenovo ThinkPad,Electronics,Laptop,58870,9690.96,68560.96
P00678,Electric Kettle,Home,Kitchen,1619,499.49,2118.49
P00679,Denim Jacket,Clothing,Jacket,2796,1152.03,3948.03
P00680,Lipstick,Beauty,Makeup,1570,468.74,2038.74
P00681,Bedsheet,Home,Bedding,5858,1832.55,7690.55
P00682,Training Cones,Sports,Football,485,137.02,622.02
P00683,Eyeliner,Beauty,Makeup,1936,571.89,2507.89
P00684,Goalkeeper Gloves,Sports,Football,2617,614.17,3231.17
P00685,Canvas Painting,Home,Decor,3436,963.98,4399.98
P00686,Pool Towel,Sports,Swimming,409,137.1,546.1
P00687,Round Neck T-Shirt,Clothing,T-Shirt,2476,517.44,2993.44
P00688,Sunscreen,Beauty,Skincare,1179,321.49,1500.49
P00689,Slim Fit Jeans,Clothing,Jeans,4130,1148.6,5278.6
P00690,Acer Aspire,Electronics,Laptop,24956,6558.81,31514.81
P00691,V-Neck T-Shirt,Clothing,T-Shirt,2461,936.28,3397.28
P00692,Laundry Basket,Home,Storage,4499,693.42,5192.42
P00693,Slim Fit Jeans,Clothing,Jeans,4900,1072.5,5972.5
P00694,Samsung Galaxy S24,Electronics,Smartphone,46540,7468.75,54008.75
P00695,Kickboard,Sports,Swimming,3271,938.82,4209.82
P00696,Sneakers,Clothing,Shoes,4954,1242.71,6196.71
P00697,Training Cones,Sports,Football,4900,1517.67,6417.67
P00698,Blanket,Home,Bedding,3375,724.81,4099.81
P00699,Xiaomi Pad 6,Electronics,Tablet,21757,2407.93,24164.93
P00700,Goalkeeper Gloves,Sports,Football,2868,740.52,3608.52
P00701,Puffer Jacket,Clothing,Jacket,6589,2469.43,9058.43
P00702,Comforter,Home,Bedding,989,325.28,1314.28
P00703,Cologne,Beauty,Fragrance,830,288.8,1118.8
P00704,Face Wash,Beauty,Skincare,899,342.18,1241.18
P00705,Moisturizer,Beauty,Skincare,1838,599.28,2437.28
P00706,Roll-On Perfume,Beauty,Fragrance,633,158.48,791.48
P00707,Cycling Gloves,Sports,Cycling,4609,1402.95,6011.95
P00708,Stumps,Sports,Cricket,6528,1530.98,8058.98
P00709,Plastic Storage Box,Home,Storage,1935,527.32,2462.32
P00710,Xiaomi Pad 6,Electronics,Tablet,21814,2902.86,24716.86
P00711,Body Wash,Beauty,Personal Care,371,80.02,451.02
P00712,Non-Stick Pan,Home,Kitchen,13541,3612.12,17153.12
P00713,Polo T-Shirt,Clothing,T-Shirt,1883,488.28,2371.28
P00714,Microsoft Surface Go,Electronics,Tablet,21108,2435.39,23543.39
P00715,Google Pixel 9,Electronics,Smartphone,24067,7100.62,31167.62
P00716,Wall Clock,Home,Decor,1506,510.41,2016.41
P00717,Face Wash,Beauty,Skincare,962,252.98,1214.98
P00718,Amazfit GTR 4,Electronics,Smartwatch,13523,2795.82,16318.82
P00719,OnePlus 13,Electronics,Smartphone,30287,6698.67,36985.67
P00720,Google Pixel 9,Electronics,Smartphone,21689,3239.17,24928.17
P00721,Football,Sports,Football,5346,1673.13,7019.13
P00722,Polo T-Shirt,Clothing,T-Shirt,1593,587.27,2180.27
P00723,Kettlebell,Sports,Gym,4222,1440.71,5662.71
P00724,Google Pixel 9,Electronics,Smartphone,30624,5377.27,36001.27
P00725,Hair Oil,Beauty,Haircare,1040,442.9,1482.9
P00726,Boat Rockerz 550,Electronics,Headphones,12667,3268.2,15935.2
P00727,Oxford Shirt,Clothing,Shirt,1339,351.64,1690.64
P00728,Round Neck T-Shirt,Clothing,T-Shirt,1533,382.49,1915.49
P00729,Cricket Bat,Sports,Cricket,5631,1168.58,6799.58
P00730,Bomber Jacket,Clothing,Jacket,1639,564.24,2203.24
P00731,Apple Watch Series 10,Electronics,Smartwatch,10043,2498.39,12541.39
P00732,Casual Shirt,Clothing,Shirt,518,191.34,709.34
P00733,V-Neck T-Shirt,Clothing,T-Shirt,1464,522.61,1986.61
P00734,Puffer Jacket,Clothing,Jacket,7411,2039.98,9450.98
P00735,Wooden Chair,Home,Furniture,28991,6287.44,35278.44
P00736,Foundation,Beauty,Makeup,2669,1105.33,3774.33
P00737,Eau de Parfum,Beauty,Fragrance,2238,665.7,2903.7
P00738,Cricket Bat,Sports,Cricket,4302,1092.45,5394.45
P00739,Straight Fit Jeans,Clothing,Jeans,907,260.51,1167.51
P00740,Non-Stick Pan,Home,Kitchen,12558,2315.97,14873.97
P00741,Dumbbells,Sports,Gym,2495,797.92,3292.92
P00742,Yoga Mat,Sports,Gym,3149,1073.05,4222.05
P00743,Polo T-Shirt,Clothing,T-Shirt,780,260.84,1040.84
P00744,Xiaomi Pad 6,Electronics,Tablet,31562,5985.74,37547.74
P00745,Eau de Parfum,Beauty,Fragrance,2892,799.57,3691.57
P00746,Drawer Unit,Home,Storage,5557,1616.3,7173.3
P00747,Hair Serum,Beauty,Haircare,759,246.46,1005.46
P00748,Eau de Parfum,Beauty,Fragrance,3178,1100.87,4278.87
P00749,OnePlus 13,Electronics,Smartphone,12082,3532.35,15614.35
P00750,Stumps,Sports,Cricket,2593,486.73,3079.73
P00751,Dell Inspiron 15,Electronics,Laptop,38485,8290.01,46775.01
P00752,Kettlebell,Sports,Gym,4762,1198.8,5960.8
P00753,Shampoo,Beauty,Haircare,1421,420.38,1841.38
P00754,Formal Shirt,Clothing,Shirt,2717,1019.46,3736.46
P00755,Night Cream,Beauty,Skincare,350,91.88,441.88
P00756,Cricket Bat,Sports,Cricket,5985,1221.91,7206.91
P00757,Canvas Painting,Home,Decor,5541,1920.22,7461.22
P00758,Dining Table,Home,Furniture,4551,1002.53,5553.53
P00759,Non-Stick Pan,Home,Kitchen,6283,2114.49,8397.49
P00760,Conditioner,Beauty,Haircare,1019,406.15,1425.15
P00761,Straight Fit Jeans,Clothing,Jeans,3256,909.58,4165.58
P00762,OnePlus 13,Electronics,Smartphone,55803,15889.7,71692.7
P00763,Moisturizer,Beauty,Skincare,767,342.73,1109.73
P00764,Wardrobe Organizer,Home,Storage,5258,1291.85,6549.85
P00765,Blanket,Home,Bedding,6438,2183.56,8621.56
P00766,Football Boots,Sports,Football,462,106.12,568.12
P00767,Polo T-Shirt,Clothing,T-Shirt,1528,397.6,1925.6
P00768,Hair Serum,Beauty,Haircare,972,381.6,1353.6
P00769,Wooden Chair,Home,Furniture,4637,1112.29,5749.29
P00770,Body Wash,Beauty,Personal Care,813,315.86,1128.86
P00771,Canvas Painting,Home,Decor,1302,470.24,1772.24
P00772,Boat Rockerz 550,Electronics,Headphones,13707,3956.68,17663.68
P00773,TV Cabinet,Home,Furniture,3060,882.65,3942.65
P00774,Stumps,Sports,Cricket,5930,1145.75,7075.75
P00775,Body Mist,Beauty,Fragrance,1450,545.79,1995.79
P00776,Nothing Phone 3,Electronics,Smartphone,51740,9866.38,61606.38
P00777,Bomber Jacket,Clothing,Jacket,2161,700.86,2861.86
P00778,Foundation,Beauty,Makeup,2423,949.22,3372.22
P00779,Formal Shirt,Clothing,Shirt,1808,569.15,2377.15
P00780,Cologne,Beauty,Fragrance,1674,728.45,2402.45
P00781,Compact Powder,Beauty,Makeup,945,357.1,1302.1
P00782,Google Pixel 9,Electronics,Smartphone,43135,12093.07,55228.07
P00783,Electric Kettle,Home,Kitchen,9306,1809.76,11115.76
P00784,ASUS VivoBook,Electronics,Laptop,46829,8587.79,55416.79
P00785,Formal Shoes,Clothing,Shoes,1136,312.22,1448.22
P00786,Lenovo Tab P12,Electronics,Tablet,24665,3990.3,28655.3
P00787,TV Cabinet,Home,Furniture,28521,8039.73,36560.73
P00788,Moisturizer,Beauty,Skincare,292,111.87,403.87
P00789,Night Cream,Beauty,Skincare,1031,498.26,1529.26
P00790,TV Cabinet,Home,Furniture,28924,11315.08,40239.08
P00791,Polo T-Shirt,Clothing,T-Shirt,1426,404.78,1830.78
P00792,Google Pixel 9,Electronics,Smartphone,69594,14292.23,83886.23
P00793,Hand Cream,Beauty,Personal Care,515,176.61,691.61
P00794,Sony WH-1000XM5,Electronics,Headphones,4679,1640.12,6319.12
P00795,Face Wash,Beauty,Skincare,1587,529.12,2116.12
P00796,Garmin Venu 3,Electronics,Smartwatch,21042,6845.92,27887.92
P00797,Hair Oil,Beauty,Haircare,691,262.27,953.27
P00798,Table Lamp,Home,Decor,4307,897.57,5204.57
P00799,Cricket Helmet,Sports,Cricket,3906,637.9,4543.9
P00800,Nothing Phone 3,Electronics,Smartphone,48945,9181.32,58126.32
P00801,Cologne,Beauty,Fragrance,884,230.47,1114.47
P00802,Relaxed Fit Jeans,Clothing,Jeans,905,220.21,1125.21
P00803,Formal Shoes,Clothing,Shoes,3890,1237.84,5127.84
P00804,Relaxed Fit Jeans,Clothing,Jeans,1597,467.1,2064.1
P00805,OnePlus 13,Electronics,Smartphone,12670,3355.13,16025.13
P00806,Vitamin C Serum,Beauty,Skincare,1359,484.51,1843.51
P00807,Shoe Rack,Home,Storage,2653,717.5,3370.5
P00808,Bedsheet,Home,Bedding,4126,1213.44,5339.44
P00809,Kickboard,Sports,Swimming,982,293.98,1275.98
P00810,Swim Cap,Sports,Swimming,2848,679.92,3527.92
P00811,Denim Jacket,Clothing,Jacket,2303,899.36,3202.36
P00812,Eyeliner,Beauty,Makeup,2005,607.5,2612.5
P00813,Slim Fit Jeans,Clothing,Jeans,1654,539.96,2193.96
P00814,Shin Guards,Sports,Football,4890,1036.42,5926.42
P00815,Dell Inspiron 15,Electronics,Laptop,26539,6336.77,32875.77
P00816,Wooden Chair,Home,Furniture,7334,2634.3,9968.3
P00817,Leather Jacket,Clothing,Jacket,7611,1965.05,9576.05
P00818,Drawer Unit,Home,Storage,3715,1016.29,4731.29
P00819,Laundry Basket,Home,Storage,2614,777.65,3391.65
P00820,Training Cones,Sports,Football,603,123.98,726.98
P00821,Fitbit Sense 2,Electronics,Smartwatch,24884,8237.57,33121.57
P00822,Body Mist,Beauty,Fragrance,3199,1142.83,4341.83
P00823,Hooded Jacket,Clothing,Jacket,5825,1391.39,7216.39
P00824,Oxford Shirt,Clothing,Shirt,2073,463.79,2536.79
P00825,Bike Pump,Sports,Cycling,2456,754.46,3210.46
P00826,Mascara,Beauty,Makeup,664,207.94,871.94
P00827,Body Wash,Beauty,Personal Care,902,184.45,1086.45
P00828,Bomber Jacket,Clothing,Jacket,2449,816.1,3265.1
P00829,Kickboard,Sports,Swimming,3045,615.57,3660.57
P00830,Bookshelf,Home,Furniture,25431,5929.52,31360.52
P00831,Round Neck T-Shirt,Clothing,T-Shirt,814,264.49,1078.49
P00832,Face Razor,Beauty,Personal Care,438,138.49,576.49
P00833,Hand Cream,Beauty,Personal Care,782,262.15,1044.15
P00834,Shampoo,Beauty,Haircare,1449,527.29,1976.29
P00835,V-Neck T-Shirt,Clothing,T-Shirt,1638,481.34,2119.34
P00836,Body Mist,Beauty,Fragrance,2173,1011.01,3184.01
P00837,Bedsheet,Home,Bedding,1737,328.41,2065.41
P00838,Denim Jacket,Clothing,Jacket,4726,1680.12,6406.12
P00839,Canvas Painting,Home,Decor,1439,431.8,1870.8
P00840,iPad Air,Electronics,Tablet,23288,2572.63,25860.63
P00841,Denim Shirt,Clothing,Shirt,2740,670.86,3410.86
P00842,Football,Sports,Football,4588,1565.82,6153.82
P00843,Blanket,Home,Bedding,1835,338.09,2173.09
P00844,Skinny Jeans,Clothing,Jeans,2019,638.97,2657.97
P00845,Sneakers,Clothing,Shoes,5108,1162.91,6270.91
P00846,Moisturizer,Beauty,Skincare,1810,720.76,2530.76
P00847,Boots,Clothing,Shoes,5391,1302.16,6693.16
P00848,Boat Rockerz 550,Electronics,Headphones,8582,3231.83,11813.83
P00849,Bomber Jacket,Clothing,Jacket,2762,985.18,3747.18
P00850,Leather Jacket,Clothing,Jacket,5774,1304.95,7078.95
P00851,Wooden Chair,Home,Furniture,26815,11669.71,38484.71
P00852,Deodorant,Beauty,Fragrance,1582,781.25,2363.25
P00853,Samsung Galaxy S24,Electronics,Smartphone,44093,7720.21,51813.21
P00854,Graphic T-Shirt,Clothing,T-Shirt,1394,337.57,1731.57
P00855,Photo Frame,Home,Decor,4645,1178.49,5823.49
P00856,Mattress Protector,Home,Bedding,3855,1331.61,5186.61
P00857,JBL Tune 770NC,Electronics,Headphones,10301,3359.32,13660.32
P00858,Body Mist,Beauty,Fragrance,288,98.32,386.32
P00859,Pool Towel,Sports,Swimming,435,100.74,535.74
P00860,Football Boots,Sports,Football,4526,1047.37,5573.37
P00861,Swim Cap,Sports,Swimming,1847,453.52,2300.52
P00862,Loafers,Clothing,Shoes,4216,1178.43,5394.43
P00863,Office Desk,Home,Furniture,25708,7831.99,33539.99
P00864,Apple Watch Series 10,Electronics,Smartwatch,4687,1279.69,5966.69
P00865,Cricket Ball,Sports,Cricket,1794,285.23,2079.23
P00866,Face Wash,Beauty,Skincare,239,81.95,320.95
P00867,Denim Jacket,Clothing,Jacket,2344,863.36,3207.36
P00868,Bike Pump,Sports,Cycling,8087,1952.51,10039.51
P00869,V-Neck T-Shirt,Clothing,T-Shirt,486,171.31,657.31
P00870,Body Wash,Beauty,Personal Care,1352,408.34,1760.34
P00871,Vitamin C Serum,Beauty,Skincare,2081,972.66,3053.66
P00872,Mountain Bike,Sports,Cycling,3195,726.86,3921.86
P00873,Kickboard,Sports,Swimming,3883,1062.45,4945.45
P00874,Plastic Storage Box,Home,Storage,2853,588.24,3441.24
P00875,Round Neck T-Shirt,Clothing,T-Shirt,2091,454.59,2545.59
P00876,Microsoft Surface Go,Electronics,Tablet,31758,4784.26,36542.26
P00877,Cricket Bat,Sports,Cricket,2834,548.78,3382.78
P00878,Pillow,Home,Bedding,5320,1521.47,6841.47
P00879,Mixer Grinder,Home,Kitchen,9467,2132.97,11599.97
P00880,Sony WH-1000XM5,Electronics,Headphones,5968,1612.82,7580.82
P00881,Dell Inspiron 15,Electronics,Laptop,25850,4084.61,29934.61
P00882,Round Neck T-Shirt,Clothing,T-Shirt,1080,317.1,1397.1
P00883,Sony WH-1000XM5,Electronics,Headphones,3724,859.87,4583.87
P00884,Mixer Grinder,Home,Kitchen,4357,1524.56,5881.56
P00885,Wardrobe Organizer,Home,Storage,3628,911.21,4539.21
P00886,Sunscreen,Beauty,Skincare,342,163.36,505.36
P00887,Mattress Protector,Home,Bedding,7314,2095.28,9409.28
P00888,OnePlus 13,Electronics,Smartphone,47464,12865.23,60329.23
P00889,JBL Tune 770NC,Electronics,Headphones,5791,1433.25,7224.25
P00890,Stumps,Sports,Cricket,7617,2536.41,10153.41
P00891,Running Shoes,Clothing,Shoes,4303,1015.39,5318.39
P00892,Relaxed Fit Jeans,Clothing,Jeans,2204,485.49,2689.49
P00893,Electric Trimmer,Beauty,Personal Care,523,201.79,724.79
P00894,Shoe Rack,Home,Storage,991,212.73,1203.73
P00895,Google Pixel 9,Electronics,Smartphone,25682,4677.08,30359.08
P00896,Garmin Venu 3,Electronics,Smartwatch,16391,5550.73,21941.73
P00897,Dumbbells,Sports,Gym,1329,446.15,1775.15
P00898,Training Cones,Sports,Football,4197,953.43,5150.43
P00899,Sneakers,Clothing,Shoes,1307,420.93,1727.93
P00900,OnePlus 13,Electronics,Smartphone,50134,9947.39,60081.39
P00901,V-Neck T-Shirt,Clothing,T-Shirt,1678,383.34,2061.34
P00902,Running Shoes,Clothing,Shoes,2961,775.22,3736.22
P00903,AirPods Pro,Electronics,Headphones,6005,1275.23,7280.23
P00904,Sennheiser HD 450BT,Electronics,Headphones,10728,4105.03,14833.03
P00905,Graphic T-Shirt,Clothing,T-Shirt,1396,488.93,1884.93
P00906,Flower Vase,Home,Decor,4747,1725.45,6472.45
P00907,Wall Clock,Home,Decor,770,225.21,995.21
P00908,Amazfit GTR 4,Electronics,Smartwatch,19641,5929.82,25570.82
P00909,Pillow,Home,Bedding,6290,1447.72,7737.72
P00910,Samsung Galaxy S24,Electronics,Smartphone,16765,4849.1,21614.1
P00911,Vitamin C Serum,Beauty,Skincare,1656,754.51,2410.51
P00912,Body Wash,Beauty,Personal Care,983,253.21,1236.21
P00913,Electric Kettle,Home,Kitchen,1974,467.38,2441.38
P00914,Moisturizer,Beauty,Skincare,2317,1101.97,3418.97
P00915,Bike Pump,Sports,Cycling,10221,2023.71,12244.71
P00916,Straight Fit Jeans,Clothing,Jeans,2885,679.58,3564.58
P00917,Microsoft Surface Go,Electronics,Tablet,30671,3547.66,34218.66
P00918,Electric Trimmer,Beauty,Personal Care,155,33.86,188.86
P00919,Body Wash,Beauty,Personal Care,1694,540.33,2234.33
P00920,JBL Tune 770NC,Electronics,Headphones,7898,2420.41,10318.41
P00921,Training Cones,Sports,Football,1290,396.27,1686.27
P00922,Toothbrush,Beauty,Personal Care,705,177.61,882.61
P00923,Wardrobe Organizer,Home,Storage,6166,1031.91,7197.91
P00924,Sony WH-1000XM5,Electronics,Headphones,7558,1841.52,9399.52
P00925,Face Wash,Beauty,Skincare,960,378.63,1338.63
P00926,Plastic Storage Box,Home,Storage,4917,1089.62,6006.62
P00927,Face Wash,Beauty,Skincare,2237,676.17,2913.17
P00928,Nothing Phone 3,Electronics,Smartphone,63973,14190.74,78163.74
P00929,Hand Cream,Beauty,Personal Care,368,107.39,475.39
P00930,Hair Serum,Beauty,Haircare,155,59.81,214.81
P00931,Wooden Chair,Home,Furniture,25433,5294.25,30727.25
P00932,Eyeliner,Beauty,Makeup,689,173.8,862.8
P00933,Electric Kettle,Home,Kitchen,7928,2660.8,10588.8
P00934,Roll-On Perfume,Beauty,Fragrance,824,399.33,1223.33
P00935,Dumbbells,Sports,Gym,2766,749.4,3515.4
P00936,Yoga Mat,Sports,Gym,4827,1010.57,5837.57
P00937,Body Wash,Beauty,Personal Care,1450,364.05,1814.05
P00938,Xiaomi Pad 6,Electronics,Tablet,21404,3847.35,25251.35
P00939,Roll-On Perfume,Beauty,Fragrance,1993,910.45,2903.45
P00940,Swim Cap,Sports,Swimming,1707,474.1,2181.1
P00941,Flower Vase,Home,Decor,2706,1059.73,3765.73
P00942,Eyeliner,Beauty,Makeup,2718,804.32,3522.32
P00943,Sunscreen,Beauty,Skincare,1681,552.56,2233.56
P00944,Shoe Rack,Home,Storage,3580,750.85,4330.85
P00945,Canvas Painting,Home,Decor,3210,1176.74,4386.74
P00946,Laundry Basket,Home,Storage,3875,1027.72,4902.72
P00947,Pressure Cooker,Home,Kitchen,1607,329.24,1936.24
P00948,Comforter,Home,Bedding,5242,1185.95,6427.95
P00949,Slim Fit Jeans,Clothing,Jeans,2175,477.98,2652.98
P00950,Bomber Jacket,Clothing,Jacket,2716,814.92,3530.92
P00951,Bomber Jacket,Clothing,Jacket,7134,2992.89,10126.89
P00952,Cricket Ball,Sports,Cricket,6756,1424.83,8180.83
P00953,Lenovo ThinkPad,Electronics,Laptop,36508,7102.09,43610.09
P00954,Cricket Helmet,Sports,Cricket,2517,463.6,2980.6
P00955,Dell Inspiron 15,Electronics,Laptop,45592,13134.2,58726.2
P00956,Google Pixel 9,Electronics,Smartphone,20307,3663.63,23970.63
P00957,Flower Vase,Home,Decor,2120,778.02,2898.02
P00958,Moisturizer,Beauty,Skincare,2368,840.42,3208.42
P00959,Slim Fit Jeans,Clothing,Jeans,2253,734.15,2987.15
P00960,Polo T-Shirt,Clothing,T-Shirt,1687,443.24,2130.24
P00961,Pillow,Home,Bedding,2056,567.98,2623.98
P00962,Non-Stick Pan,Home,Kitchen,9090,2653.26,11743.26
P00963,Water Bottle Cage,Sports,Cycling,3289,683.35,3972.35
P00964,Vitamin C Serum,Beauty,Skincare,719,346.99,1065.99
P00965,Water Bottle Cage,Sports,Cycling,10617,2415.97,13032.97
P00966,Laundry Basket,Home,Storage,3995,1054.13,5049.13
P00967,Hair Serum,Beauty,Haircare,1609,454.18,2063.18
P00968,Shoe Rack,Home,Storage,2874,823.75,3697.75
P00969,Eau de Parfum,Beauty,Fragrance,1087,365.93,1452.93
P00970,Microwave Oven,Home,Kitchen,10141,1591.47,11732.47
P00971,Conditioner,Beauty,Haircare,979,435.86,1414.86
P00972,Cycling Gloves,Sports,Cycling,2431,488.05,2919.05
P00973,Skinny Jeans,Clothing,Jeans,4106,1315.69,5421.69
P00974,AirPods Pro,Electronics,Headphones,3873,809.69,4682.69
P00975,Denim Jacket,Clothing,Jacket,3359,920.8,4279.8
P00976,Wardrobe Organizer,Home,Storage,5513,1244.24,6757.24
P00977,Yoga Mat,Sports,Gym,2825,763.77,3588.77
P00978,Oxford Shirt,Clothing,Shirt,1712,615.42,2327.42
P00979,Mascara,Beauty,Makeup,2207,682.6,2889.6
P00980,Bedsheet,Home,Bedding,6683,2169.29,8852.29
P00981,Shampoo,Beauty,Haircare,1056,381.47,1437.47
P00982,Football Boots,Sports,Football,1307,244.18,1551.18
P00983,Xiaomi Pad 6,Electronics,Tablet,17135,2469.33,19604.33
P00984,Swim Cap,Sports,Swimming,3158,751.46,3909.46
P00985,Bike Pump,Sports,Cycling,8053,1843.58,9896.58
P00986,Flower Vase,Home,Decor,511,117.71,628.71
P00987,Casual Shirt,Clothing,Shirt,1155,232.56,1387.56
P00988,Mountain Bike,Sports,Cycling,6373,1897.24,8270.24
P00989,Apple Watch Series 10,Electronics,Smartwatch,12745,2838.1,15583.1
P00990,Vitamin C Serum,Beauty,Skincare,1506,652.91,2158.91
P00991,Mixer Grinder,Home,Kitchen,7155,1548.3,8703.3
P00992,Football,Sports,Football,921,178.56,1099.56
P00993,Pillow,Home,Bedding,5373,1356.62,6729.62
P00994,Bike Pump,Sports,Cycling,2909,851.9,3760.9
P00995,Laundry Basket,Home,Storage,3460,818.4,4278.4
P00996,Face Razor,Beauty,Personal Care,721,157.16,878.16
P00997,Pressure Cooker,Home,Kitchen,5427,977.61,6404.61
P00998,Swimming Fins,Sports,Swimming,3493,973.92,4466.92
P00999,Eau de Parfum,Beauty,Fragrance,1369,573.73,1942.73
P01000,Helmet,Sports,Cycling,9886,2205.74,12091.74
